Date,Open,High,Low,Close,Volume
1/2/2019,62.75,65.21,62.43,65.14,"4,426,916"
1/3/2019,64.43,66.12,63.99,64.9,"3,396,981"
1/4/2019,65.76,67.44,65.43,67.37,"5,500,754"
1/7/2019,67.25,68.48,66.89,68.31,"4,795,761"
1/8/2019,68.54,68.55,67.25,67.64,"6,064,257"
1/9/2019,68.52,68.54,67,67.59,"4,506,997"
1/10/2019,67.32,68.73,67.1,67.83,"3,236,808"
1/11/2019,67.7,68.93,67.28,68.87,"4,185,474"
1/14/2019,68.28,68.39,67.3,67.78,"2,696,025"
1/15/2019,67.68,68.43,66.58,67.02,"5,376,649"
1/16/2019,67.39,67.48,66.26,66.57,"3,267,028"
1/17/2019,66.6,66.63,65.52,66.13,"3,363,588"
1/18/2019,66.99,67.92,66.25,66.84,"4,775,144"
1/22/2019,66.63,67.07,66.08,66.71,"2,976,751"
1/23/2019,66.68,67.72,66.45,67.67,"1,983,412"
1/24/2019,67.59,68.53,67.1,68.53,"2,855,090"
1/25/2019,68.8,69.14,68.07,68.35,"4,949,525"
1/28/2019,67.74,68.36,66.94,67.49,"2,963,587"
1/29/2019,67.53,67.81,66.51,67.65,"2,344,399"
1/30/2019,67.61,68.56,66.97,68.19,"2,322,630"
1/31/2019,68.28,69.99,67.9,69.49,"5,827,074"
2/1/2019,69.33,69.65,68.95,69.5,"3,123,671"
2/4/2019,69.28,69.5,68.75,69.28,"1,929,797"
2/5/2019,69.57,69.57,66.68,66.73,"5,010,442"
2/6/2019,66.68,67.17,66.42,66.82,"4,342,565"
2/7/2019,67.87,68.33,65.44,68.15,"7,568,606"
2/8/2019,67.51,68.34,66.83,68.25,"4,137,105"
2/11/2019,68.04,69.05,67.87,68.31,"2,649,105"
2/12/2019,68.87,69.54,68.37,69.47,"2,635,596"
2/13/2019,69.48,69.83,68.73,68.94,"4,751,185"
2/14/2019,68.97,70.39,68.88,70.37,"3,206,242"
2/15/2019,70.52,71.94,70.3,71.92,"5,721,877"
2/19/2019,71.88,72.72,71.63,72.39,"3,679,558"
2/20/2019,72.33,72.94,72.04,72.62,"4,485,144"
2/21/2019,72.44,73.62,72.26,73.27,"4,569,675"
2/22/2019,73.66,73.92,72.84,73.06,"2,526,938"
2/25/2019,73.23,73.39,72.49,72.91,"2,404,813"
2/26/2019,71.31,72.83,71.12,72.4,"2,920,838"
2/27/2019,72,72.4,71.64,71.99,"2,747,910"
2/28/2019,71.95,72.57,71.79,72.08,"3,078,264"
3/1/2019,72.26,72.47,71.64,72.21,"1,887,119"
3/4/2019,72.11,72.21,71.15,71.52,"2,443,883"
3/5/2019,71.62,71.85,71.15,71.28,"1,728,809"
3/6/2019,71.28,71.47,69.86,70.65,"4,383,481"
3/7/2019,70.49,71.25,70.39,71.19,"2,313,564"
3/8/2019,70.8,71.12,70.05,70.52,"3,580,113"
3/11/2019,70.7,71.45,70.28,71.34,"2,497,705"
3/12/2019,71.34,72,71.12,71.57,"2,778,322"
3/13/2019,71.99,72.35,71.55,72.12,"1,924,316"
3/14/2019,72.12,72.31,71.81,72.21,"1,656,382"
3/15/2019,72.63,73.36,71.97,73.32,"2,811,411"
3/18/2019,73.14,73.77,72.82,73.54,"2,950,768"
3/19/2019,73.86,73.92,72.28,72.46,"4,195,894"
3/20/2019,72.67,72.79,71.88,71.93,"3,142,063"
3/21/2019,71.95,72.61,71.86,72.13,"2,333,468"
3/22/2019,71.8,72.34,71.68,71.77,"3,271,991"
3/25/2019,71.72,72.28,71.51,72.18,"1,976,008"
3/26/2019,72.45,73.22,72.24,73.2,"2,862,470"
3/27/2019,73.25,73.65,71.83,72.11,"4,998,909"
3/28/2019,71.85,72.12,68.79,69.02,"5,877,421"
3/29/2019,69.2,69.36,68.03,68.97,"5,061,218"
4/1/2019,69.41,69.91,69.14,69.84,"3,815,409"
4/2/2019,69.68,70.03,69.09,69.6,"3,920,516"
4/3/2019,69.69,69.89,68.57,68.87,"3,083,220"
4/4/2019,68.95,70,68.87,69.92,"3,042,742"
4/5/2019,70.35,70.62,69.92,70.22,"3,489,567"
4/8/2019,70.01,71.11,69.64,71.1,"4,042,986"
4/9/2019,70.83,71.53,70.14,71.29,"2,872,158"
4/10/2019,71.42,72.2,71.06,72.03,"2,634,753"
4/11/2019,72.02,72.88,71.71,72.86,"2,540,436"
4/12/2019,73.05,73.74,72.74,73.57,"2,863,998"
4/15/2019,73.57,73.72,73.05,73.65,"2,198,530"
4/16/2019,73.86,74.13,73.38,73.96,"2,839,708"
4/17/2019,72.59,74.17,71.17,72.33,"7,590,070"
4/18/2019,73.08,73.64,72.44,73.61,"2,751,904"
4/22/2019,73.62,73.72,72.88,73.58,"1,915,906"
4/23/2019,73.42,73.86,72.91,73.61,"2,184,424"
4/24/2019,73.25,73.73,72.59,73.19,"2,378,016"
4/25/2019,72.57,73.45,72.38,72.58,"3,371,993"
4/26/2019,74.59,74.59,72.46,72.79,"3,568,522"
4/29/2019,72.81,73.68,72.37,73.46,"2,636,154"
4/30/2019,73.33,73.6,72.42,72.86,"3,070,612"
5/1/2019,73,73.97,72.9,73.44,"2,946,528"
5/2/2019,73.64,73.81,72.53,73.47,"2,273,521"
5/3/2019,73.57,74.64,73.26,74.6,"2,593,592"
5/6/2019,73.74,74.37,73.2,74.32,"1,879,183"
5/7/2019,73.66,74.31,73.4,73.86,"2,599,626"
5/8/2019,73.82,73.82,72.35,72.5,"2,854,486"
5/9/2019,72.17,74.26,72.12,74.11,"3,325,900"
5/10/2019,73.86,75.18,73.4,75.09,"3,366,726"
5/13/2019,74.24,74.6,73.11,73.28,"3,483,547"
5/14/2019,73.28,73.73,72.9,73.46,"2,992,676"
5/15/2019,73.23,74.64,72.91,74.49,"3,805,286"
5/16/2019,74.34,76.99,74.11,75.24,"4,955,584"
5/17/2019,75.25,76.18,74.88,75.23,"3,625,683"
5/20/2019,79.72,80.78,75.58,78.15,"20,139,938"
5/21/2019,78.02,78.15,76.64,77.01,"6,350,732"
5/22/2019,76.35,76.99,76,76.21,"3,293,374"
5/23/2019,76.12,76.86,75.11,75.87,"3,894,157"
5/24/2019,76.36,77.31,75.49,77.13,"3,586,181"
5/28/2019,77.41,77.84,75.75,75.77,"5,401,302"
5/29/2019,75.68,76.51,75.15,75.99,"3,547,667"
5/30/2019,75.9,76.43,74.88,75.89,"4,119,508"
5/31/2019,74.67,75.11,73.14,73.3,"5,157,312"
6/3/2019,73.48,74.5,73.23,74.06,"2,946,472"
6/4/2019,74.49,75.6,74.38,75.55,"3,150,502"
6/5/2019,75.8,76.41,75.53,76.15,"1,974,240"
6/6/2019,76,76.3,74.47,75.81,"2,675,996"
6/7/2019,76.41,77,76.17,76.89,"2,260,782"
6/10/2019,76.92,77.24,76.24,76.53,"3,101,740"
6/11/2019,76.99,77.32,74.49,75.32,"3,829,574"
6/12/2019,75.69,75.76,74.51,75.24,"3,302,721"
6/13/2019,75.03,75.14,73.87,74.31,"4,287,908"
6/14/2019,74.53,77.86,74.14,74.76,"4,822,470"
6/17/2019,74.94,75.29,74.4,75.13,"2,934,425"
6/18/2019,75.8,76.98,75.41,76.3,"5,005,154"
6/19/2019,76.2,78.35,76.2,78.14,"3,384,215"
6/20/2019,78.96,79.11,77.01,77.79,"3,345,648"
6/21/2019,77.57,77.61,75.06,75.56,"5,233,595"
6/24/2019,75.88,76.41,75.24,75.4,"2,126,916"
6/25/2019,75.33,75.36,74.31,74.44,"2,598,705"
6/26/2019,74.14,74.26,72.63,72.9,"4,401,400"
6/27/2019,73.31,73.58,72.79,73.15,"2,323,861"
6/28/2019,73.15,74.35,72.77,74,"4,125,438"
7/1/2019,74.53,74.53,73.78,74.01,"2,234,598"
7/2/2019,74.26,75.64,73.78,75.34,"2,877,044"
7/3/2019,75.75,76.89,75.46,75.68,"2,084,795"
7/5/2019,75.69,76.29,75.49,76.09,"1,320,985"
7/8/2019,76.23,76.25,75.29,75.49,"1,670,418"
7/9/2019,75.21,75.68,74.94,75.01,"3,559,553"
7/10/2019,77.82,78.8,77.43,78.48,"14,467,988"
7/11/2019,78.58,78.73,76.81,78.12,"10,127,508"
7/12/2019,78.06,79.58,77.87,79.3,"63,185,278"
7/15/2019,79.52,79.85,78.44,79.16,"6,201,286"
7/16/2019,79.2,79.44,78.68,78.89,"5,244,620"
7/17/2019,79.08,79.31,78.75,78.78,"3,244,345"
7/18/2019,78.63,78.92,77.13,77.83,"6,483,680"
7/19/2019,77.85,77.85,76.79,77.29,"5,321,701"
7/22/2019,77.66,78.51,77.13,77.52,"4,703,912"
7/23/2019,77.6,78.02,76.81,78,"3,514,325"
7/24/2019,79.05,81.42,78.68,80.46,"10,217,321"
7/25/2019,81.21,81.26,79.56,79.76,"5,511,995"
7/26/2019,80.95,85.06,80.8,84.09,"12,356,053"
7/29/2019,84.47,84.63,81.77,82.23,"5,869,702"
7/30/2019,81.55,82.18,80.87,81.15,"5,294,811"
7/31/2019,81.07,81.5,78.8,79.58,"4,605,118"
8/1/2019,79.84,80.16,78.62,79.16,"4,770,181"
8/2/2019,79.24,79.24,76.65,77.59,"5,438,060"
8/5/2019,76.71,76.79,75.48,76.05,"4,053,736"
8/6/2019,76.37,77.18,75.83,77.14,"4,017,833"
8/7/2019,76.35,76.66,75.13,76.34,"3,499,175"
8/8/2019,76.8,77.92,76.69,77.76,"3,029,039"
8/9/2019,77.46,78.07,76.87,77.38,"2,703,627"
8/12/2019,76.93,77.47,76.63,76.8,"1,891,687"
8/13/2019,76.79,78.12,76.64,77.48,"2,564,514"
8/14/2019,76.63,77.24,75.97,76.79,"2,906,129"
8/15/2019,76.33,77.66,76.06,77.13,"2,602,499"
8/16/2019,77.85,78.11,77.32,77.61,"3,164,876"
8/19/2019,78.12,78.35,77.58,78.09,"1,700,435"
8/20/2019,77.84,78.1,77.5,77.54,"1,859,405"
8/21/2019,77.93,78.17,77.63,78.04,"1,223,754"
8/22/2019,78.17,78.28,77.37,77.65,"2,014,589"
8/23/2019,77.5,78.11,75.98,76.34,"2,890,894"
8/26/2019,76.86,77.93,76.54,77.92,"1,739,137"
8/27/2019,77.56,77.96,76.88,76.98,"2,243,955"
8/28/2019,76.79,77.23,76.14,76.92,"2,039,388"
8/29/2019,77.73,78.27,77.26,77.87,"1,406,224"
8/30/2019,78.24,78.24,77.65,77.91,"1,725,791"
9/3/2019,77.76,77.8,76.86,76.99,"1,764,122"
9/4/2019,77.37,77.7,76.88,77.47,"1,905,887"
9/5/2019,78.08,78.42,77.41,77.69,"1,966,837"
9/6/2019,77.82,79.02,77.71,79,"2,936,039"
9/9/2019,79.18,79.32,78.44,78.98,"2,519,080"
9/10/2019,78.63,78.63,77.8,78.24,"2,258,354"
9/11/2019,78.25,79.62,78.07,79.59,"2,416,712"
9/12/2019,79.73,80.45,79.24,79.54,"2,009,593"
9/13/2019,79.94,79.94,78.88,79.25,"1,740,926"
9/16/2019,78.81,79.49,78.59,79.41,"2,182,864"
9/17/2019,79.58,80.4,78.91,80.06,"2,860,909"
9/18/2019,80.06,80.4,79.43,79.97,"2,222,749"
9/19/2019,80.57,81,80.39,80.85,"2,856,576"
9/20/2019,80.41,80.7,78.93,80.44,"7,221,332"
9/23/2019,79.87,80.63,79.66,79.81,"2,450,344"
9/24/2019,80.34,80.34,78.88,79.21,"3,698,799"
9/25/2019,79.38,79.88,78.71,79.66,"1,974,641"
9/26/2019,79.82,79.86,78.81,78.85,"1,933,139"
9/27/2019,78.91,79,76.62,77.42,"3,414,026"
9/30/2019,77.73,78.94,77.48,78.62,"2,332,272"
10/1/2019,78.73,79.22,77.86,78.06,"2,825,336"
10/2/2019,77.46,77.83,75.68,76.27,"3,290,588"
10/3/2019,76.46,77.27,75.88,76.88,"2,379,427"
10/4/2019,76.82,77.93,76.82,77.85,"1,846,884"
10/7/2019,77.49,78.53,77.49,78.33,"1,954,637"
10/8/2019,77.64,78,77.22,77.47,"2,351,043"
10/9/2019,77.97,78.14,77.17,77.65,"1,987,666"
10/10/2019,77.58,78.34,76.89,78.16,"2,418,857"
10/11/2019,78.51,79.88,78.4,79.38,"2,078,052"
10/14/2019,79.38,79.38,78.42,78.48,"2,003,930"
10/15/2019,78.8,79.79,78.65,79.59,"1,878,574"
10/16/2019,79.59,80.03,79.45,79.86,"2,266,873"
10/17/2019,80.3,81.03,79.02,80.9,"3,920,970"
10/18/2019,80.99,82.18,80.63,81.45,"3,218,004"
10/21/2019,81.62,82.38,81.56,81.94,"2,928,558"
10/22/2019,82.38,82.42,81.5,81.52,"2,253,954"
10/23/2019,81.29,81.6,80.92,81.21,"1,311,624"
10/24/2019,81.1,81.48,80.87,81.33,"1,894,587"
10/25/2019,81.53,82.03,81.36,81.47,"2,018,085"
10/28/2019,81.86,82.97,81.61,82.24,"3,082,497"
10/29/2019,81.09,82.22,79.57,81.62,"4,223,395"
10/30/2019,81.42,83.69,81.39,83.12,"4,165,997"
10/31/2019,83.2,83.35,81.63,82.51,"2,688,251"
11/1/2019,82.94,83.04,81.85,82.32,"2,613,330"
11/4/2019,82.55,82.65,80.3,80.77,"3,096,921"
11/5/2019,80.91,81.7,80.7,81.32,"1,741,649"
11/6/2019,81.45,81.79,81.14,81.71,"2,712,612"
11/7/2019,82.25,82.88,81.41,81.71,"2,685,921"
11/8/2019,81.65,81.69,80.68,80.79,"1,620,667"
11/11/2019,80.44,80.99,77.41,79.47,"6,403,641"
11/12/2019,79.47,79.5,77.06,77.29,"4,354,039"
11/13/2019,77.49,77.93,76.66,77.83,"2,731,865"
11/14/2019,77.24,77.68,76.35,76.7,"2,903,358"
11/15/2019,77.42,79.35,77.19,77.93,"3,956,535"
11/18/2019,76.73,78.3,76.19,78.05,"4,244,108"
11/19/2019,78.06,78.16,76.77,77.02,"2,367,072"
11/20/2019,76.71,77.53,76.58,77.5,"2,802,097"
11/21/2019,77.7,77.8,77.22,77.56,"1,707,251"
11/22/2019,77.81,78.63,77.65,78.44,"2,916,151"
11/25/2019,78.59,78.72,77.45,77.86,"2,990,375"
11/26/2019,77.86,78.55,77.45,78.3,"2,887,475"
11/27/2019,78.32,79.15,78.32,78.83,"2,085,400"
11/29/2019,78.73,79.13,78.35,78.4,"874,523"
12/2/2019,78.43,78.69,76.72,77.5,"2,904,929"
12/3/2019,77.31,77.92,76.67,77.87,"2,084,960"
12/4/2019,77.91,78.38,77.3,78.2,"1,909,034"
12/5/2019,77.93,78.06,76.75,76.8,"2,825,742"
12/6/2019,77.4,77.86,76.49,77.6,"2,905,726"
12/9/2019,77.56,77.76,75.16,75.73,"4,392,372"
12/10/2019,75.65,75.76,74.79,74.88,"3,086,362"
12/11/2019,74.94,75.27,74.17,74.48,"3,381,066"
12/12/2019,75.09,75.11,74.32,74.75,"2,851,416"
12/13/2019,74.83,75.4,74.51,75.33,"2,730,419"
12/16/2019,75.39,75.71,75.09,75.33,"3,494,517"
12/17/2019,75.31,75.56,74.88,75.35,"3,610,448"
12/18/2019,75.48,76.28,75.32,76.17,"4,356,390"
12/19/2019,75.9,77.41,75.86,77.08,"3,098,658"
12/20/2019,77.79,77.79,76.88,77.26,"5,955,339"
12/23/2019,77.33,77.42,76.78,76.82,"1,712,565"
12/24/2019,76.91,77.27,76.78,77.18,"470,937"
12/26/2019,77.32,77.4,77.16,77.26,"1,243,166"
12/27/2019,77.18,77.36,76.87,77.1,"1,312,470"
12/30/2019,77.33,77.96,77.04,77.94,"2,346,363"
12/31/2019,77.8,78.29,77.64,78.28,"1,718,092"
1/2/2020,78.73,78.74,77.79,78.44,"3,398,989"
1/3/2020,77.92,78.28,77.33,78.03,"1,835,450"
1/6/2020,77.99,78.7,77.83,78.47,"2,682,999"
1/7/2020,78.42,79.36,78.01,78.77,"3,269,163"
1/8/2020,79.07,79.64,77.94,79.27,"3,043,272"
1/9/2020,79.62,80.18,79.25,79.66,"2,987,543"
1/10/2020,80.06,80.06,78.7,78.85,"2,231,200"
1/13/2020,79.02,79.41,78.74,79.25,"2,287,600"
1/14/2020,79.02,79.8,78.71,79.65,"2,053,857"
1/15/2020,79.71,80.33,79.47,80.12,"1,615,272"
1/16/2020,80.12,81.36,80.12,81.29,"3,115,356"
1/17/2020,81.8,82.09,81.42,82,"3,566,246"
1/21/2020,81.84,82.8,81.65,81.88,"3,618,701"
1/22/2020,81.99,82.88,81.92,82.33,"1,675,563"
1/23/2020,82.15,82.22,81.8,82.03,"1,758,139"
1/24/2020,82.14,82.44,81.18,81.43,"1,599,659"
1/27/2020,80.74,81.4,80.23,80.57,"1,938,277"
1/28/2020,80.93,82.15,80.78,81.51,"2,399,452"
1/29/2020,81.72,81.74,79.94,80.11,"2,608,415"
1/30/2020,79.44,80.9,79.43,80.79,"2,357,105"
1/31/2020,80.44,80.64,79.01,79.04,"2,869,284"
2/3/2020,80.21,80.61,79.18,79.31,"2,885,107"
2/4/2020,80,81.74,79.08,81.36,"4,606,278"
2/5/2020,81.81,82.56,81.59,81.64,"2,763,921"
2/6/2020,81.98,82.93,81.85,82.62,"2,981,731"
2/7/2020,83.22,85.63,82.11,85.28,"6,753,065"
2/10/2020,85.25,85.49,84.22,84.37,"3,429,413"
2/11/2020,93.53,95.05,92.49,94.32,"25,922,289"
2/12/2020,93.83,96.09,93.75,95.49,"8,931,970"
2/13/2020,94.94,95.97,94.62,94.96,"5,500,912"
2/14/2020,95.08,96.44,94.84,96.3,"3,051,521"
2/18/2020,96.67,99.84,96.1,99.7,"7,475,778"
2/19/2020,100.97,101.16,99.46,100.3,"6,102,993"
2/20/2020,99.91,100.23,98.05,99.32,"6,362,196"
2/21/2020,98.79,99.31,96.44,98.39,"12,123,593"
2/24/2020,95.95,97.13,95.7,96.19,"4,709,632"
2/25/2020,96.38,96.82,94.28,94.4,"5,126,944"
2/26/2020,94.5,95.48,93.27,93.48,"4,380,146"
2/27/2020,92.66,93.15,90.99,91.07,"5,867,232"
2/28/2020,89.27,90.33,87.32,89.99,"6,971,009"
3/2/2020,90.11,93.19,88.82,93.12,"5,170,112"
3/3/2020,92.46,93.75,88.61,89.2,"5,712,553"
3/4/2020,90.26,93.79,90.08,93.64,"5,231,868"
3/5/2020,91.44,92.99,89.03,89.69,"4,950,879"
3/6/2020,85.94,88.11,85.26,87.7,"5,989,655"
3/9/2020,83.12,84.73,79.43,79.6,"7,961,345"
3/10/2020,81.83,84.85,80.06,84.82,"6,726,055"
3/11/2020,82.71,87.67,82.69,86.29,"8,862,225"
3/12/2020,81.87,84.84,76.27,76.62,"9,092,059"
3/13/2020,80,85.36,76.47,85.23,"7,415,447"
3/16/2020,78.2,80.4,74.7,76.39,"6,800,272"
3/17/2020,77.46,80.25,75.31,78.21,"7,623,240"
3/18/2020,74.46,75.96,63.38,74.18,"11,134,828"
3/19/2020,74.63,81.84,73.47,79.3,"8,922,682"
3/20/2020,79.85,81.85,73.02,74.41,"6,849,310"
3/23/2020,74.84,76.52,70.7,75.56,"8,344,205"
3/24/2020,78.35,79.56,75.69,78.5,"5,940,403"
3/25/2020,77.63,85.31,77.61,79.02,"6,264,295"
3/26/2020,79.85,84.83,79.58,84.47,"4,830,654"
3/27/2020,82.39,83.74,80.87,81.57,"4,199,409"
3/30/2020,82.14,83.7,81.09,82.97,"5,635,724"
3/31/2020,82.89,84.59,81.83,83.74,"6,933,711"
4/1/2020,82.84,86.55,82.55,84.97,"11,039,277"
4/2/2020,84.89,88.36,83.86,84.25,"22,998,618"
4/3/2020,84.4,84.83,80.89,81.83,"8,394,047"
4/6/2020,84.33,86.33,82.84,85.93,"5,266,044"
4/7/2020,87.5,87.75,85.01,86.35,"4,418,474"
4/8/2020,86.44,87.48,85.84,86.69,"3,838,761"
4/9/2020,86.72,87.59,84.77,85.74,"5,781,699"
4/13/2020,84.43,87.12,84.31,86.01,"3,963,049"
4/14/2020,87.03,89.77,86.24,89.45,"4,796,149"
4/15/2020,87.76,89.22,86.94,88.38,"5,815,031"
4/16/2020,88.95,90.41,87.91,90.1,"4,805,252"
4/17/2020,92.58,93.13,89.69,90.82,"3,855,076"
4/20/2020,89.41,91.56,88.89,89.77,"3,515,214"
4/21/2020,89.08,89.72,85.94,87.06,"3,953,684"
4/22/2020,89.71,90.48,88.12,89.99,"4,269,812"
4/23/2020,90.51,91.71,89.12,90.17,"4,545,758"
4/24/2020,90.22,90.83,88.85,90.63,"3,570,832"
4/27/2020,91.15,91.21,88.86,90.74,"3,733,623"
4/28/2020,91.07,91.24,87.73,87.78,"3,362,721"
4/29/2020,88.88,89.86,87.81,89.14,"3,116,473"
4/30/2020,88.74,88.86,87.14,87.64,"3,945,417"
5/1/2020,87.58,87.95,85.65,86.04,"3,167,931"
5/4/2020,86.61,88.81,85.9,88.8,"4,220,148"
5/5/2020,88.62,89.6,88.28,88.81,"3,025,706"
5/6/2020,89.05,89.56,86.25,86.43,"3,848,031"
5/7/2020,90.18,95.22,90.07,95.11,"10,463,830"
5/8/2020,96.46,98.59,94.85,98.34,"4,860,484"
5/11/2020,96.3,97.28,95.8,96.54,"3,740,133"
5/12/2020,96,96.49,94.38,94.44,"3,780,554"
5/13/2020,94.22,94.36,91.33,92.61,"3,263,226"
5/14/2020,92.37,94.89,91.99,94.73,"3,997,537"
5/15/2020,94.84,97.49,93.56,97.14,"6,728,372"
5/18/2020,97.98,102.54,97.89,101.71,"6,404,682"
5/19/2020,98.23,99.58,95.97,98.42,"21,434,155"
5/20/2020,98.96,99.62,97.62,97.96,"5,989,742"
5/21/2020,98.57,98.57,92.83,94.22,"5,597,258"
5/22/2020,94.37,96.54,94.18,95.62,"4,858,501"
5/26/2020,96.74,97.06,94.29,95.39,"5,016,518"
5/27/2020,95.48,97.99,94.88,97.02,"4,548,840"
5/28/2020,97.34,99.65,96.97,99.04,"5,470,473"
5/29/2020,99.09,100.21,97.14,99.85,"9,810,687"
6/1/2020,99.78,100.81,99.13,99.52,"2,908,974"
6/2/2020,98.48,100.31,98.33,100.22,"4,729,140"
6/3/2020,100.72,102.16,100.25,101.02,"3,763,248"
6/4/2020,101.35,101.5,99.61,99.98,"2,539,099"
6/5/2020,101.11,102.77,100.31,100.94,"3,965,646"
6/8/2020,100.55,104.92,100.25,104.27,"5,053,219"
6/9/2020,101.99,103.35,101.58,103,"5,046,317"
6/10/2020,102.62,106.52,102.62,105.59,"6,285,156"
6/11/2020,104.32,105.12,100.55,100.7,"7,703,494"
6/12/2020,104.06,104.86,100.07,102.12,"5,299,071"
6/15/2020,101.13,105,100.54,104.49,"3,853,048"
6/16/2020,103.81,103.81,99.92,102.7,"5,778,098"
6/17/2020,102.81,104.61,102.15,102.44,"3,764,362"
6/18/2020,103.63,106.64,103.06,106.19,"4,707,600"
6/19/2020,107.14,108.8,106.19,106.7,"9,285,484"
6/22/2020,106.66,108.5,105.83,106.4,"5,099,944"
6/23/2020,103.51,110.26,103.31,106.96,"22,971,548"
6/24/2020,105.46,109.14,104.57,108.43,"66,903,148"
6/25/2020,109.78,111.58,108.51,110.19,"55,407,312"
6/26/2020,109.15,109.85,104.73,105.2,"25,367,779"
6/29/2020,105.79,106.26,103.95,105.96,"9,097,070"
6/30/2020,105.9,106.2,104,104.15,"10,833,810"
7/1/2020,105.68,106.25,103.85,106.13,"9,599,885"
7/2/2020,106.95,107.34,105.35,106.01,"6,411,905"
7/6/2020,106.6,107.68,106.2,106.78,"5,256,628"
7/7/2020,106.44,107.59,105.55,105.8,"5,572,497"
7/8/2020,106.25,106.63,105.37,106.61,"4,300,360"
7/9/2020,106.66,106.72,105.05,106.17,"3,956,566"
7/10/2020,105.82,107.19,105.29,107.05,"4,557,925"
7/13/2020,106.89,107.55,104.23,104.52,"5,752,750"
7/14/2020,103.57,106.54,103.57,105.39,"7,882,234"
7/15/2020,105.51,106.08,104.53,104.92,"4,476,262"
7/16/2020,104.5,104.86,103.43,104.49,"5,751,199"
7/17/2020,104.87,105.73,104.09,105.35,"4,009,251"
7/20/2020,105.4,106.28,105.03,106.14,"3,632,370"
7/21/2020,106.35,106.48,105.25,105.58,"3,602,530"
7/22/2020,105.66,106.34,104.74,104.93,"4,655,264"
7/23/2020,105.21,105.28,104.36,104.51,"6,640,827"
7/24/2020,104.52,105.23,104.23,104.93,"4,989,983"
7/27/2020,104.53,106.27,104.35,105.62,"7,958,877"
7/28/2020,105,105.5,104,104.52,"3,670,038"
7/29/2020,105.22,106.37,104.54,105.78,"3,606,340"
7/30/2020,104.72,105.95,104.59,105.48,"2,689,603"
7/31/2020,105.63,107.42,105.05,107.38,"4,119,560"
8/3/2020,107.98,108.74,106.82,106.88,"4,548,307"
8/4/2020,106.63,108.42,106.38,108.39,"2,991,189"
8/5/2020,108.74,109.16,107.26,107.9,"3,114,618"
8/6/2020,107.32,108.3,107.18,108.1,"4,016,593"
8/7/2020,113.24,118,113.09,115.09,"13,771,170"
8/10/2020,115.06,116.65,113.6,116.07,"4,812,695"
8/11/2020,116.08,116.2,113.28,113.59,"4,763,144"
8/12/2020,114.27,116.24,114.07,115.25,"3,512,765"
8/13/2020,115.15,117.15,114.89,115.37,"3,030,470"
8/14/2020,115.7,116.09,114.33,115.49,"2,027,736"
8/17/2020,115.98,117.32,115.82,116.87,"3,308,932"
8/18/2020,117.68,117.73,115.86,116.02,"2,363,260"
8/19/2020,116.69,116.93,114.92,115.14,"2,700,447"
8/20/2020,114.56,115.86,114.51,115.4,"2,268,754"
8/21/2020,114.34,115.25,113.38,115.01,"2,841,035"
8/24/2020,115.03,116.09,114.76,115.26,"2,713,778"
8/25/2020,115.56,115.56,114.6,115.41,"2,322,267"
8/26/2020,115.11,116.24,114.74,116.19,"2,953,430"
8/27/2020,116.62,116.62,115,115.24,"2,464,847"
8/28/2020,115.25,116.35,114.88,116.26,"2,798,033"
8/31/2020,115.49,117.11,115.41,116.68,"3,926,105"
9/1/2020,116.63,117.33,115.95,116.9,"2,938,637"
9/2/2020,117.83,119.2,117.14,118.88,"3,600,379"
9/3/2020,118.7,119.15,113.93,114.84,"4,411,922"
9/4/2020,115.49,116,112.21,114.29,"4,690,951"
9/8/2020,112.63,113.85,111.08,111.57,"5,686,502"
9/9/2020,111.64,114.56,111.64,113.2,"4,024,445"
9/10/2020,113.11,114.95,111.26,111.72,"3,862,016"
9/11/2020,112.28,113.42,110.45,111.58,"3,098,311"
9/14/2020,112.95,113.49,111.64,112.27,"3,939,425"
9/15/2020,113.12,116.15,112.48,115.93,"4,821,923"
9/16/2020,116.41,117.42,113.49,113.76,"5,759,104"
9/17/2020,110.94,112.79,110.11,111.91,"5,859,348"
9/18/2020,112.21,112.65,107.79,110.72,"8,822,916"
9/21/2020,109.92,110.67,108.9,110.57,"4,562,640"
9/22/2020,111.64,112.61,110.64,112.39,"4,332,243"
9/23/2020,112.8,112.83,108.66,109,"3,542,047"
9/24/2020,108.21,112.15,108.15,110.55,"4,184,905"
9/25/2020,110.25,112.56,109.71,112.02,"5,135,097"
9/28/2020,112.87,114.48,112.49,114.24,"5,850,920"
9/29/2020,114.35,114.84,113.29,113.52,"3,221,574"
9/30/2020,113.36,115.09,112.01,114.36,"5,174,394"
10/1/2020,115,116.43,113.89,115.73,"4,306,879"
10/2/2020,114.41,115.7,113,113.41,"4,014,904"
10/5/2020,113.46,114.99,113.42,114.8,"2,657,343"
10/6/2020,113.61,114.47,111.8,112.45,"3,335,475"
10/7/2020,113.02,114.52,112.62,114.22,"3,367,494"
10/8/2020,114.89,115.6,114.28,115.49,"2,254,766"
10/9/2020,115.58,117.52,115.52,117.23,"3,340,123"
10/12/2020,118.06,121.36,117.4,120.07,"6,498,662"
10/13/2020,120.8,123.42,120.07,121.57,"5,326,459"
10/14/2020,122.05,122.24,116.45,116.67,"6,639,798"
10/15/2020,115.81,116.95,114.07,115.3,"3,287,558"
10/16/2020,115.81,116.78,114.85,114.96,"3,762,899"
10/19/2020,115.47,115.55,112.01,112.75,"3,037,461"
10/20/2020,113.9,114.21,112.7,113.07,"2,744,994"
10/21/2020,112.67,113.79,112.21,112.42,"3,029,688"
10/22/2020,112.77,113.76,110.88,111.64,"3,604,483"
10/23/2020,112.5,112.62,110.9,112.38,"2,269,311"
10/26/2020,111.18,112.04,110.02,111.78,"2,764,670"
10/27/2020,111.78,113.56,111.13,112.82,"2,628,909"
10/28/2020,111.3,111.93,109.66,109.8,"3,661,845"
10/29/2020,109.28,111.04,108.9,109.51,"2,895,872"
10/30/2020,108.86,109.76,107.56,109.57,"4,041,188"
11/2/2020,111.14,111.14,108.75,110.39,"3,145,029"
11/3/2020,111.25,112.39,110.71,111.12,"3,341,389"
11/4/2020,113.91,116.88,112.81,116.02,"5,025,909"
11/5/2020,117.57,119.31,116.28,117.26,"7,669,706"
11/6/2020,127,127.03,122.71,123.56,"8,931,300"
11/9/2020,125.48,126.96,122.57,122.78,"6,190,557"
11/10/2020,119.03,123.24,118.6,121.72,"4,454,849"
11/11/2020,122.63,126.03,122.04,125.15,"3,931,577"
11/12/2020,125.41,127.8,124.73,126.81,"3,558,580"
11/13/2020,127.33,128.52,126.31,128.23,"3,399,950"
11/16/2020,129.82,130.11,127.56,128.65,"3,444,455"
11/17/2020,130.6,132.33,128.72,129,"3,648,464"
11/18/2020,129.63,130.51,127.84,127.85,"3,222,918"
11/19/2020,127.3,130.23,127.11,129.19,"2,427,023"
11/20/2020,129.66,130.34,128.36,129.68,"4,388,200"
11/23/2020,129.87,130.15,126.91,127.88,"4,177,210"
11/24/2020,127.47,129.02,125.76,128.06,"4,694,679"
11/25/2020,128.79,129.63,127.76,128.74,"3,562,674"
11/27/2020,129.12,132.47,128.87,131.9,"2,278,372"
11/30/2020,131.9,133.05,130.13,132.94,"5,746,041"
12/1/2020,132.92,133.94,132.24,133.73,"3,968,513"
12/2/2020,133.64,134.24,132.41,133.14,"2,926,991"
12/3/2020,131.65,132.97,131.09,131.19,"3,587,959"
12/4/2020,131.63,131.98,130.68,131.8,"2,029,174"
12/7/2020,132.08,133.08,131.92,132.96,"2,637,360"
12/8/2020,132.83,133.43,131.83,133.15,"2,442,876"
12/9/2020,133.88,133.88,130.57,131.12,"3,660,502"
12/10/2020,130.73,131.88,130.04,130.56,"4,164,484"
12/11/2020,130.57,131.63,129.69,131.23,"2,405,262"
12/14/2020,131.02,132.97,129.23,129.36,"5,296,987"
12/15/2020,129.7,130.71,128.78,130,"2,906,341"
12/16/2020,130.65,130.65,129.11,129.81,"3,262,167"
12/17/2020,130.32,130.76,129.65,130.01,"4,132,224"
12/18/2020,130.3,132.14,129.51,131.92,"8,782,907"
12/21/2020,130,131.23,127.63,130.22,"3,259,744"
12/22/2020,131.93,132.42,130.26,132.25,"3,061,482"
12/23/2020,132.25,132.87,130.95,132.23,"2,152,440"
12/24/2020,132.78,133.83,132.59,132.92,"901,102"
12/28/2020,134.23,134.76,131.4,133,"2,569,114"
12/29/2020,133.52,133.97,131.65,133.14,"1,672,539"
12/30/2020,133.52,133.83,132.51,133.28,"1,673,134"
12/31/2020,133.15,135,133.11,134.85,"2,080,626"
1/4/2021,134.3,134.98,130.46,132.43,"3,433,164"
1/5/2021,131.95,132.24,130.46,131.85,"2,544,524"
1/6/2021,130.72,131.98,129.61,131.53,"4,485,950"
1/7/2021,133.81,135.45,133.16,133.19,"4,928,104"
1/8/2021,133.26,135.2,132.23,135.06,"2,951,158"
1/11/2021,134,135.54,132.75,132.93,"3,084,163"
1/12/2021,132.88,133.47,127.67,128.69,"5,374,573"
1/13/2021,129.14,129.9,128.45,128.5,"2,917,272"
1/14/2021,129.03,130.42,123.9,124.69,"6,359,743"
1/15/2021,124.75,127.9,124.75,127.28,"4,741,035"
1/19/2021,128.69,130.43,127.12,129.85,"4,033,823"
1/20/2021,130.12,132.42,129.5,132.3,"4,230,427"
1/21/2021,132.71,132.71,129.85,130.4,"2,688,341"
1/22/2021,130.44,131.32,129.12,130.36,"2,501,591"
1/25/2021,130.75,132.4,129.67,131.1,"2,892,807"
1/26/2021,130.02,132.71,130,131.41,"3,218,974"
1/27/2021,129.69,130,122.45,123.27,"7,023,139"
1/28/2021,125.79,129.6,124.5,127.77,"5,000,209"
1/29/2021,126.56,129.23,125.37,126.08,"4,597,364"
2/1/2021,126.29,129.35,125.21,128.42,"4,070,209"
2/2/2021,128.63,132.41,128.07,131.89,"3,455,993"
2/3/2021,131.85,132.65,128.75,129.37,"3,918,351"
2/4/2021,130.31,130.85,129.37,130.6,"7,395,974"
2/5/2021,129.02,129.59,124.55,125.28,"10,319,060"
2/8/2021,126.2,126.26,122.54,126.1,"5,742,639"
2/9/2021,125.92,125.99,124.05,124.45,"3,342,881"
2/10/2021,125.11,125.66,124.32,124.49,"2,879,980"
2/11/2021,125.43,125.45,123.46,124.4,"3,085,307"
2/12/2021,123.81,124.05,122.68,123.68,"2,713,023"
2/16/2021,122.98,123.38,121.38,122,"4,247,536"
2/17/2021,121.89,122.95,120.83,121.3,"6,108,997"
2/18/2021,120.85,123.24,119.6,123.04,"6,126,292"
2/19/2021,123.1,123.72,119.4,120.1,"4,961,134"
2/22/2021,119.15,119.85,117.4,117.91,"5,138,507"
2/23/2021,117.88,119.65,115.89,119.22,"6,390,227"
2/24/2021,117.72,119.51,116.77,119.38,"4,424,972"
2/25/2021,124.49,125.34,119.74,120.89,"11,337,270"
2/26/2021,119.75,121.66,118.88,119.97,"5,117,952"
3/1/2021,120.31,123.93,120.27,123.57,"5,813,819"
3/2/2021,123.9,124.56,122.42,122.45,"4,797,734"
3/3/2021,121.44,121.94,118.62,118.84,"5,390,215"
3/4/2021,119.19,121.52,117.41,118.61,"4,884,173"
3/5/2021,120.02,125.35,118.54,124.68,"7,944,302"
3/8/2021,124.09,128.46,123.85,127.06,"7,416,016"
3/9/2021,129.02,129.84,125.46,126.31,"6,409,488"
3/10/2021,128.43,129.12,126.06,127.41,"4,027,759"
3/11/2021,127.86,130.2,123.88,125.99,"8,824,488"
3/12/2021,126.57,127.67,124.68,127.12,"6,122,524"
3/15/2021,128.32,128.57,124.08,125.63,"5,601,115"
3/16/2021,125.8,128.81,124.84,127.78,"4,433,176"
3/17/2021,126.33,128.02,125.52,127.3,"3,471,786"
3/18/2021,125.38,126.54,124.82,124.91,"3,835,061"
3/19/2021,124.73,125.71,122.96,124.19,"8,848,346"
3/22/2021,124.66,127.1,124.64,126.11,"4,851,005"
3/23/2021,126.94,127.33,124.22,124.39,"3,653,238"
3/24/2021,125.28,125.3,122.31,122.36,"3,673,104"
3/25/2021,124.21,124.28,121.15,123.48,"4,259,288"
3/26/2021,123.87,124.72,121.02,122.99,"4,274,705"
3/29/2021,122.56,124.67,121.9,123.46,"3,255,974"
3/30/2021,123.53,125.39,122.28,124.64,"4,592,512"
3/31/2021,124.25,125.93,124.15,125.29,"4,160,388"
4/1/2021,125.86,127.66,124.85,127.65,"4,281,660"
4/5/2021,128.47,131.66,128.23,131.4,"4,316,131"
4/6/2021,130.37,131.99,130.37,131.43,"4,906,642"
4/7/2021,130.91,131.1,129.09,130.02,"3,057,107"
4/8/2021,130.88,130.91,129.61,130.11,"2,422,809"
4/9/2021,130.53,130.53,128.18,129.03,"2,388,312"
4/12/2021,128.49,131,128.23,130.76,"2,435,777"
4/13/2021,130.3,131.2,129.67,130.79,"4,516,398"
4/14/2021,130.68,130.79,129.61,129.9,"2,921,544"
4/15/2021,131.1,131.8,130.12,131.47,"3,241,245"
4/16/2021,131.99,133.55,131.32,133.05,"3,540,286"
4/19/2021,133.59,133.64,131.92,131.99,"2,575,824"
4/20/2021,131.7,131.7,128.48,130.55,"3,332,393"
4/21/2021,130.96,132.5,129.81,132.12,"3,368,371"
4/22/2021,132,132.88,130.59,131.73,"3,324,462"
4/23/2021,131.75,133.91,131.4,133.32,"3,025,541"
4/26/2021,133.41,133.41,131.91,132.5,"2,721,749"
4/27/2021,133.11,133.24,131.48,132.92,"3,008,587"
4/28/2021,132.35,132.64,131.53,132.08,"2,011,401"
4/29/2021,132.15,134.07,132.15,134.01,"3,402,002"
4/30/2021,133.05,133.18,131.51,132.13,"4,138,415"
5/3/2021,132.58,132.78,130.91,131.45,"4,192,277"
5/4/2021,130.83,131.13,127.09,128.48,"4,891,763"
5/5/2021,131.46,135.33,131.42,134.13,"8,802,928"
5/6/2021,133.68,138.98,132.21,138.88,"8,150,179"
5/7/2021,138.58,140.19,138.35,139.12,"5,831,552"
5/10/2021,138.33,139.72,135.69,135.81,"5,251,565"
5/11/2021,135.11,138.25,134.67,138,"3,151,621"
5/12/2021,135.98,137.38,135.85,136.64,"3,903,568"
5/13/2021,137.07,139.1,136.45,138.12,"3,737,977"
5/14/2021,139.06,143.09,138.73,141.52,"5,331,130"
5/17/2021,140.15,140.47,139.17,140.2,"5,451,723"
5/18/2021,139.98,139.98,134.86,135,"8,235,639"
5/19/2021,133.67,134.67,132.49,134.35,"6,709,196"
5/20/2021,134.59,136.68,134.3,136.16,"4,445,979"
5/21/2021,137.34,137.43,135.79,136.05,"3,718,978"
5/24/2021,136.6,138.41,136.19,137.73,"4,432,041"
5/25/2021,137.97,138.88,136.73,136.76,"6,094,287"
5/26/2021,136.78,140.87,136.63,139.65,"6,267,104"
5/27/2021,140.48,142.16,139.81,141.31,"8,141,098"
5/28/2021,141.81,142.61,141.41,141.45,"4,197,731"
6/1/2021,141.66,142.91,141.45,141.7,"3,752,704"
6/2/2021,141.8,142.11,139.94,140.98,"3,589,665"
6/3/2021,140.22,142.86,140.02,142.32,"4,503,705"
6/4/2021,142.99,144.77,142.5,144.51,"3,484,039"
6/7/2021,143.91,144.82,142.96,143.51,"2,758,231"
6/8/2021,143.9,145.68,143.9,145.39,"4,960,601"
6/9/2021,145.59,147.95,145.59,147.27,"4,125,035"
6/10/2021,147.6,148.7,146.22,146.51,"3,592,185"
6/11/2021,146.58,146.65,144.37,145.35,"4,072,850"
6/14/2021,144.99,145.57,144.56,145.26,"3,477,876"
6/15/2021,145.38,146.76,145.01,145.68,"3,169,605"
6/16/2021,145.8,146.28,143.26,144.91,"4,184,063"
6/17/2021,144.99,147.88,144.81,146.45,"3,494,570"
6/18/2021,146.23,146.49,144.29,144.7,"5,430,892"
6/21/2021,145.97,146.19,145.08,145.66,"3,801,916"
6/22/2021,145.71,146,145.01,145.82,"2,621,930"
6/23/2021,145.4,145.68,144.51,145.03,"2,416,179"
6/24/2021,145.38,146.07,144.87,145.6,"2,181,600"
6/25/2021,145.79,146.24,144.8,145.34,"3,376,436"
6/28/2021,145.27,145.58,144.41,145.04,"2,826,159"
6/29/2021,144.69,145.34,144.14,144.99,"3,197,172"
6/30/2021,145.21,145.32,144.23,144.83,"3,139,044"
7/1/2021,144.54,145.5,144.29,145.34,"2,655,337"
7/2/2021,145.94,146.71,145.32,146.29,"2,603,485"
7/6/2021,146.15,146.93,145.15,146.75,"2,357,478"
7/7/2021,146.72,148.14,145.57,148.04,"1,777,474"
7/8/2021,147.52,148.02,146.01,146.86,"2,407,480"
7/9/2021,145.89,147.3,144.51,146.01,"3,245,325"
7/12/2021,146.19,147.19,145.33,146.9,"2,007,989"
7/13/2021,146.81,149.59,146.11,147.77,"2,583,001"
7/14/2021,148.49,149.84,148.02,148.9,"2,316,703"
7/15/2021,149.34,150.14,148.11,148.34,"3,348,644"
7/16/2021,148.09,150.2,148.09,149.41,"2,476,759"
7/19/2021,147.5,148.21,143.29,144.61,"7,154,748"
7/20/2021,144.79,145.69,144.11,144.4,"7,189,695"
7/21/2021,143.99,146.12,143.65,144.57,"4,700,015"
7/22/2021,144.66,144.94,142.44,144.75,"4,335,913"
7/23/2021,145.43,145.43,143.9,144,"4,278,384"
7/26/2021,143.63,145.72,143.63,144.97,"3,705,891"
7/27/2021,144.85,145.07,143.56,144.82,"4,110,430"
7/28/2021,145,145.49,144.3,145.12,"2,975,071"
7/29/2021,145.5,146.92,143.7,144.63,"4,198,578"
7/30/2021,143,145.18,141.2,144.02,"6,600,310"
8/2/2021,144.87,145.29,144.02,144.91,"4,333,512"
8/3/2021,145.08,145.46,144.03,144.5,"3,953,558"
8/4/2021,143.87,144.4,142.15,142.22,"4,615,287"
8/5/2021,142.82,143.5,141.7,141.93,"4,369,073"
8/6/2021,141.99,142.76,141.47,142.23,"5,236,813"
8/9/2021,142.8,144,142.69,142.99,"4,645,966"
8/10/2021,143.3,143.83,142.48,143.2,"2,608,482"
8/11/2021,143.31,144.76,142.94,144.59,"2,417,833"
8/12/2021,144.96,145.39,144.69,144.74,"2,224,016"
8/13/2021,144.3,145.35,144.08,144.94,"2,618,232"
8/16/2021,141,142.66,139.28,140.73,"7,115,666"
8/17/2021,140.55,141.85,140.08,140.67,"4,718,486"
8/18/2021,140.24,141.77,139.68,139.83,"4,480,037"
8/19/2021,139.6,141.6,139.42,140.89,"3,799,060"
8/20/2021,141.02,143.28,140.37,141.81,"3,274,009"
8/23/2021,141.51,142.97,141.2,142.54,"3,186,783"
8/24/2021,142.3,143.09,141.76,142.5,"2,367,313"
8/25/2021,142.32,142.32,139.8,139.86,"3,633,557"
8/26/2021,140.55,140.55,137.42,137.58,"4,204,815"
8/27/2021,137.89,138.65,137.18,138.38,"3,351,815"
8/30/2021,136.93,138.58,135.62,137.9,"3,628,587"
8/31/2021,137.53,137.98,136.57,137.02,"4,458,868"
9/1/2021,137.63,138.8,137.38,137.74,"2,754,993"
9/2/2021,138.22,138.26,135.05,136.13,"3,807,972"
9/3/2021,136.37,136.49,135.42,136,"2,448,839"
9/7/2021,136.09,136.79,134.22,134.47,"4,404,717"
9/8/2021,134.66,134.66,132.33,133.67,"6,635,742"
9/9/2021,131.2,133.75,130.24,131.44,"8,683,989"
9/10/2021,131.77,132.21,129.07,130.81,"6,570,126"
9/13/2021,131.9,132.17,129.57,130.02,"6,763,232"
9/14/2021,130.92,131.24,127.97,128.92,"6,053,800"
9/15/2021,128.56,128.84,125.35,127.07,"8,735,667"
9/16/2021,127.4,129.63,125.96,128.91,"9,045,061"
9/17/2021,128.88,129.23,127.03,128,"8,304,345"
9/20/2021,127.01,127.97,124.67,125.63,"7,916,034"
9/21/2021,126.45,127.5,124.85,124.9,"5,907,989"
9/22/2021,125.76,128.24,125.45,127.73,"6,952,830"
9/23/2021,128.26,131.89,128.01,130.94,"8,177,267"
9/24/2021,130.17,130.74,129.05,129.43,"3,712,062"
9/27/2021,128.73,128.83,127.25,127.78,"3,888,480"
9/28/2021,126.72,127.71,125.86,126.31,"4,517,998"
9/29/2021,126.55,128.75,126,128.1,"4,398,495"
9/30/2021,128.83,129.27,127.11,127.76,"4,541,985"
10/1/2021,127.08,128.31,126.29,126.76,"4,126,748"
10/4/2021,126.81,127.75,124.74,125.46,"4,752,994"
10/5/2021,125.09,126.19,124.29,125.4,"3,051,218"
10/6/2021,124.25,124.72,123.3,124.6,"4,160,458"
10/7/2021,125.67,126.13,122.81,123.18,"5,431,967"
10/8/2021,123.64,123.64,120.6,121.22,"5,975,966"
10/11/2021,120.98,121.6,116.96,117.19,"9,884,182"
10/12/2021,117.59,118.58,116.15,116.28,"7,095,714"
10/13/2021,117.16,118.03,116,116.46,"6,845,992"
10/14/2021,118.09,119.69,117.61,119.26,"9,698,818"
10/15/2021,119.61,120.34,117.22,117.56,"4,453,810"
10/18/2021,117.06,118.2,116.13,117.38,"4,377,741"
10/19/2021,117.61,118.65,116.82,118.56,"3,426,514"
10/20/2021,119.08,122.66,118.99,121.94,"5,876,206"
10/21/2021,121.6,121.93,116.43,116.85,"6,744,831"
10/22/2021,117.4,117.51,116.17,116.87,"5,213,650"
10/25/2021,116.77,116.97,115.83,115.93,"5,940,097"
10/26/2021,116.59,117.98,116.29,116.36,"4,600,176"
10/27/2021,116.32,117.53,116.06,116.62,"3,998,194"
10/28/2021,116.89,117.87,115.4,116.04,"3,371,075"
10/29/2021,115.82,116.33,114.69,115.03,"4,175,783"
11/1/2021,114.99,116.39,114.89,115.86,"4,044,467"
11/2/2021,116.86,117.3,114.76,115.8,"5,446,497"
11/3/2021,122.12,124.71,121.05,121.94,"9,641,777"
11/4/2021,122.13,124.08,121.22,122.65,"6,250,240"
11/5/2021,123,124.41,121.79,122.67,"5,204,750"
11/8/2021,122.84,122.84,119.85,120.86,"4,437,866"
11/9/2021,120.92,121.69,119.19,119.86,"3,889,503"
11/10/2021,119.65,122.28,119.12,119.55,"3,715,023"
11/11/2021,119.34,120.05,118.12,118.47,"3,443,937"
11/12/2021,118.89,119.27,118.02,118.24,"2,854,079"
11/15/2021,117.99,118.3,115.76,117.77,"5,337,023"
11/16/2021,118.51,119.3,118.01,118.36,"4,056,855"
11/17/2021,117.77,118.11,116.3,117.19,"3,494,632"
11/18/2021,116.72,117.43,115.29,116.98,"4,801,413"
11/19/2021,117.01,117.02,114.36,115.62,"5,741,633"
11/22/2021,116.07,116.09,113.68,113.85,"5,316,404"
11/23/2021,113.49,116.05,112.87,115.46,"4,482,974"
11/24/2021,115.01,115.38,113.58,114.48,"3,552,657"
11/26/2021,114.74,115.37,113.13,113.53,"4,391,772"
11/29/2021,113.56,113.93,110.33,113.4,"6,835,963"
11/30/2021,113.04,113.15,108.09,108.81,"10,010,640"
12/1/2021,110.48,111.32,106.7,106.72,"4,758,305"
12/2/2021,107.15,111.12,106.86,110.36,"5,829,390"
12/3/2021,110.52,112.99,109.03,112.77,"6,010,944"
12/6/2021,113.72,116.24,112.76,115.63,"5,042,843"
12/7/2021,115.87,117.72,114.65,117.15,"6,868,056"
12/8/2021,117.19,117.41,113.48,114.75,"5,767,733"
12/9/2021,114.46,114.7,112.77,113.99,"4,041,215"
12/10/2021,114.07,115.9,113.71,114.77,"3,817,715"
12/13/2021,114.32,115.49,113.74,115.01,"4,154,600"
12/14/2021,114.63,118.3,114.29,117.31,"5,615,119"
12/15/2021,117.02,118.82,116.2,118.42,"4,035,294"
12/16/2021,119,121.42,118.81,120.58,"6,062,027"
12/17/2021,119.93,121.72,118.58,119.81,"10,513,080"
12/20/2021,117.81,119.53,116.85,118.99,"3,542,646"
12/21/2021,119.69,121.63,119.01,121.1,"3,696,821"
12/22/2021,120.51,122.56,120,120.56,"3,400,225"
12/23/2021,120.71,121.75,119.88,119.91,"3,020,822"
12/27/2021,119.96,120.06,118.32,118.58,"3,397,704"
12/28/2021,119,120.31,117.8,118.16,"3,706,615"
12/29/2021,119.18,119.29,116.88,117.64,"3,389,756"
12/30/2021,117.72,118.78,116.36,116.51,"4,348,419"
12/31/2021,116.52,116.93,115.38,115.98,"3,186,404"
1/3/2022,115.76,116.09,114.15,114.43,"6,674,603"
1/4/2022,114.68,114.88,111.96,114.06,"7,336,074"
1/5/2022,114.82,118.23,114.38,115.36,"8,059,426"
1/6/2022,116.03,116.89,114.54,115.57,"4,659,422"
1/7/2022,112.07,113.54,108.55,109.74,"11,766,780"
1/10/2022,109.5,109.62,104.1,105.74,"9,615,873"
1/11/2022,107.48,111.02,104.62,110.97,"8,358,904"
1/12/2022,111.5,112.64,109.97,110.85,"4,962,464"
1/13/2022,111.17,112,109.56,110.12,"4,164,809"
1/14/2022,109.83,109.83,107.06,108.52,"3,801,453"
1/18/2022,107.01,108.23,106.28,106.91,"4,960,978"
1/19/2022,106.77,107.28,105.17,105.38,"3,898,346"
1/20/2022,105.38,107.87,103.91,104.06,"4,795,682"
1/21/2022,103.9,105.26,101.51,101.62,"6,504,169"
1/24/2022,102.4,106.97,102.27,106.65,"8,815,053"
1/25/2022,105.62,106.62,104.4,105.67,"6,237,692"
1/26/2022,105.22,106.51,103.77,104.22,"9,372,141"
1/27/2022,103.92,107.76,103.77,106.03,"4,674,077"
1/28/2022,105.71,108.73,104.8,108.65,"4,649,368"
1/31/2022,108.2,108.43,106.89,108.17,"4,857,628"
2/1/2022,107.72,109.75,106.75,109.55,"4,387,171"
2/2/2022,109.61,110.5,107.92,109.58,"6,408,037"
2/3/2022,120,122.46,117.5,120.78,"16,349,320"
2/4/2022,119.03,122.52,117.91,120.94,"7,596,748"
2/7/2022,121.24,122.9,120.94,122.05,"6,420,678"
2/8/2022,122.48,126.26,122.25,125.44,"6,064,568"
2/9/2022,126.63,128.39,125.82,128.08,"7,483,079"
2/10/2022,125,127.84,124.56,125.13,"6,901,571"
2/11/2022,124.69,126.94,124.14,124.48,"4,963,264"
2/14/2022,125.64,125.79,123.35,125.51,"4,655,258"
2/15/2022,126.44,128.07,126.08,127.03,"3,712,555"
2/16/2022,127.5,128.37,125.31,127.46,"3,026,255"
2/17/2022,126.34,126.65,124.28,124.55,"4,604,165"
2/18/2022,124.99,125.64,122.79,123.98,"3,590,866"
2/22/2022,123.62,124.5,122.27,123.51,"4,369,576"
2/23/2022,123.07,123.39,119.71,121.44,"4,635,555"
2/24/2022,119.74,123.95,118.73,123.66,"5,549,050"
2/25/2022,124.73,125.99,123.24,125.46,"3,816,565"
2/28/2022,121.47,123.47,121.18,123.21,"5,167,743"
3/1/2022,121.91,124.03,121.63,123.13,"4,326,066"
3/2/2022,123.9,126.31,123.16,125.61,"4,177,692"
3/3/2022,126.54,127.2,123.63,123.92,"4,718,782"
3/4/2022,123.55,124.78,122.43,123.23,"5,086,450"
3/7/2022,122.5,123.65,121.79,122.31,"5,161,507"
3/8/2022,121.14,121.83,116.91,119.28,"6,187,017"
3/9/2022,120.68,122.53,120.49,121.96,"4,290,357"
3/10/2022,120.66,123.92,120.44,123.54,"4,200,597"
3/11/2022,124.43,126.38,124.4,124.57,"4,207,189"
3/14/2022,124.37,126.44,123.97,124.07,"5,149,525"
3/15/2022,124.89,127.6,124.89,126.28,"3,879,160"
3/16/2022,126.02,128.14,125.47,127.76,"5,454,004"
3/17/2022,128.57,129.57,127.71,128.95,"5,042,044"
3/18/2022,128.88,129.4,126.69,127.18,"8,572,039"
3/21/2022,126.92,126.92,124.2,125.97,"5,920,130"
3/22/2022,126.58,127.13,125.43,125.69,"4,594,266"
3/23/2022,125.93,126.82,124.74,124.83,"4,867,003"
3/24/2022,125.63,126.12,123.84,125.69,"5,288,610"
3/25/2022,125.74,126.23,123.14,124.29,"5,135,532"
3/28/2022,124.49,126.58,124.27,126.49,"5,420,300"
3/29/2022,126.22,128.58,125.98,128.43,"7,016,684"
3/30/2022,128.99,128.99,127.87,128.61,"4,076,961"
3/31/2022,128.88,129.4,127.54,128.35,"4,434,330"
4/1/2022,128.97,130.91,127.9,130.76,"4,205,066"
4/4/2022,130.54,133.21,130.48,132.59,"6,884,949"
4/5/2022,130.96,133.25,130.79,131.96,"4,215,303"
4/6/2022,131.53,134.85,131.25,133.71,"7,274,612"
4/7/2022,133.68,134.85,132.28,133.28,"5,812,440"
4/8/2022,133.4,134.33,132.39,132.84,"4,293,127"
4/11/2022,133.28,134.09,129.82,130.42,"5,098,599"
4/12/2022,131.42,133.2,130.66,131.44,"5,007,972"
4/13/2022,132.09,135.06,131.7,134.85,"6,828,562"
4/14/2022,134.85,135.15,132.54,132.96,"3,921,362"
4/18/2022,132.11,132.95,130,130.76,"2,604,182"
4/19/2022,129.65,133.22,129.44,132.84,"3,707,087"
4/20/2022,133.61,133.79,132.09,132.7,"4,407,296"
4/21/2022,133.26,134.62,131.85,132.1,"3,580,745"
4/22/2022,130.47,130.86,127.5,128.63,"5,604,690"
4/25/2022,128.77,129.07,126.38,128.81,"4,570,583"
4/26/2022,128.39,129.07,124.81,124.96,"6,221,098"
4/27/2022,129,132.42,127.07,129.84,"8,071,934"
4/28/2022,131.04,132.94,128.44,132.29,"4,288,483"
4/29/2022,130.3,131.74,122.72,123.14,"7,328,444"
5/2/2022,123.04,126.82,123.02,126.4,"5,514,443"
5/3/2022,127.27,127.54,124.61,126.25,"5,319,062"
5/4/2022,126.39,132.48,125.37,132.37,"5,964,032"
5/5/2022,130.69,131.5,127.56,129.56,"4,938,890"
5/6/2022,128.26,129.49,125.09,126.8,"4,701,936"
5/9/2022,125.66,126,120.9,121.73,"6,938,116"
5/10/2022,124.07,126.4,121.54,123,"5,080,983"
5/11/2022,121.99,126.51,121.5,123.28,"7,399,403"
5/12/2022,123.33,124.44,121.64,124.03,"4,460,556"
5/13/2022,124.28,127.43,124.15,126.33,"3,891,022"
5/16/2022,126.36,129.11,126.04,126.55,"3,240,013"
5/17/2022,128,129.34,126.75,128.62,"3,884,879"
5/18/2022,127.98,128.37,124.63,125.24,"3,786,991"
5/19/2022,125.53,127.32,124.13,125.88,"4,240,261"
5/20/2022,127.02,127.11,123.82,126.04,"4,348,790"
5/23/2022,127.35,130.1,126.62,129.89,"4,133,455"
5/24/2022,129.44,130,126.91,129.22,"4,038,062"
5/25/2022,129.53,131.88,128.93,131.44,"3,184,968"
5/26/2022,132,134.38,131.66,132.74,"4,066,030"
5/27/2022,133.19,134.28,132.9,134.11,"3,294,255"
5/31/2022,133.4,134.17,132.36,133.29,"5,158,086"
6/1/2022,133.71,135.35,131.64,134.56,"3,773,569"
6/2/2022,135.61,135.96,133.43,135.8,"3,704,869"
6/3/2022,135.76,137.16,135.17,136.61,"4,376,304"
6/6/2022,137.99,138.98,136.51,137.17,"3,163,376"
6/7/2022,136.81,138.83,136,138.59,"3,304,373"
6/8/2022,138.27,138.27,134.55,135.21,"3,762,712"
6/9/2022,134.47,136.1,132.93,133.02,"3,044,395"
6/10/2022,131.21,131.96,129.39,130.51,"3,676,214"
6/13/2022,128.83,128.92,124.29,124.62,"5,036,492"
6/14/2022,125.13,127.04,123.11,124.9,"4,926,082"
6/15/2022,126.31,128.11,124.47,126.52,"5,409,741"
6/16/2022,124.84,125.56,121.76,124.28,"6,641,919"
6/17/2022,125,129.1,125,127.59,"8,437,433"
6/21/2022,129.46,132.37,129.02,131.67,"5,354,071"
6/22/2022,130.28,135.08,129.02,133.17,"4,896,148"
6/23/2022,134.8,136.86,134.55,135.94,"4,485,927"
6/24/2022,136.08,137.42,134.06,137.08,"6,416,531"
6/27/2022,135.43,137.16,135.08,136.54,"3,774,140"
6/28/2022,137.09,138.46,132.79,133.03,"4,261,082"
6/29/2022,133.2,134.98,132.5,134.37,"2,773,151"
6/30/2022,133.61,135.75,132.75,134.54,"4,391,115"
7/1/2022,134.42,137.79,132.99,136.81,"3,544,013"
7/5/2022,136.66,137.88,133.98,137.56,"3,156,812"
7/6/2022,138.34,138.8,135.96,137,"3,372,337"
7/7/2022,136.91,137.74,136.06,136.33,"3,665,038"
7/8/2022,136.26,136.26,134.66,135.72,"3,330,799"
7/11/2022,135.71,136.33,134.4,134.73,"2,928,442"
7/12/2022,134.71,136.13,134.05,134.44,"2,927,104"
7/13/2022,132.88,136.33,132.47,134.92,"3,121,828"
7/14/2022,133.81,137.12,132.86,135.66,"5,083,093"
7/15/2022,136.19,137.43,135.23,137.37,"4,051,519"
7/18/2022,138.03,138.8,134.09,134.47,"4,339,303"
7/19/2022,136.11,137.94,135.56,137.52,"4,207,849"
7/20/2022,138.06,138.5,135.72,137.45,"5,231,816"
7/21/2022,134.46,136.25,130.51,133.19,"6,467,931"
7/22/2022,131.68,135.02,131.19,132.48,"5,319,505"
7/25/2022,132.23,135.49,132.23,134.56,"4,086,016"
7/26/2022,133.69,134.69,131.75,133.91,"5,523,575"
7/27/2022,138.07,142.37,137.55,140.91,"9,649,358"
7/28/2022,141.46,142.46,139.41,141.7,"5,721,035"
7/29/2022,140.82,143.47,139.65,143.06,"5,559,179"
8/1/2022,143,144.1,142.17,143.79,"4,079,332"
8/2/2022,143.79,144.17,142.01,142.35,"3,301,537"
8/3/2022,142.56,144.19,142.38,143.7,"2,795,294"
8/4/2022,144.12,144.97,143.34,143.79,"2,658,460"
8/5/2022,142.22,144.8,141.39,144.56,"3,500,342"
8/8/2022,145.15,146.31,143.95,144.58,"3,350,904"
8/9/2022,145.45,145.82,143.59,145.58,"3,469,733"
8/10/2022,146.92,147.68,144.37,144.84,"4,070,321"
8/11/2022,145.77,145.89,143.47,143.61,"2,554,107"
8/12/2022,144.66,146.68,144.39,146.46,"3,290,667"
8/15/2022,145.99,146.89,145.54,146.69,"2,574,211"
8/16/2022,145.52,146.93,144.81,146.63,"2,925,331"
8/17/2022,145.45,146.91,145.25,145.55,"2,509,525"
8/18/2022,145,147.4,144.59,146.86,"3,177,177"
8/19/2022,145.85,146.96,145.4,146.37,"2,663,235"
8/22/2022,145.19,145.9,144.34,144.58,"3,515,588"
8/23/2022,144.58,145.22,143.74,143.86,"1,880,354"
8/24/2022,143.51,146.51,142.86,145.33,"4,701,700"
8/25/2022,145.31,147.33,143.79,147.07,"2,760,163"
8/26/2022,147.09,148.04,142.79,143.02,"4,347,658"
8/29/2022,142.98,146.57,142.5,144.89,"3,083,013"
8/30/2022,144.59,145.76,143.31,145.52,"3,358,614"
8/31/2022,145.94,147.21,143.76,143.96,"6,215,020"
9/1/2022,143.49,144.8,142.31,143.92,"4,492,985"
9/2/2022,144.38,145.77,141.23,141.98,"4,497,346"
9/6/2022,142.29,143.34,140.94,141.91,"3,897,492"
9/7/2022,142.8,145.95,142.63,145.5,"4,102,826"
9/8/2022,145.81,147.53,144.4,145.37,"4,325,963"
9/9/2022,147.15,147.32,142.43,145.7,"5,585,549"
9/12/2022,146.66,146.98,143.41,145.15,"4,513,117"
9/13/2022,142.49,143.44,137.48,137.74,"6,206,721"
9/14/2022,139.38,142.17,139.09,141.93,"5,726,901"
9/15/2022,141.9,143.05,140.82,141.02,"4,373,788"
9/16/2022,138.22,140.59,137.5,139.95,"9,607,071"
9/19/2022,139,140.83,138.82,140.71,"3,709,230"
9/20/2022,140.75,141.09,139.3,139.64,"4,205,206"
9/21/2022,140.29,140.87,136.67,136.77,"4,542,811"
9/22/2022,135.98,136.44,134.1,135.05,"4,566,707"
9/23/2022,133.71,133.77,130.43,132.33,"6,091,362"
9/26/2022,131.56,133.13,131.02,132.32,"5,177,529"
9/27/2022,132.32,133.99,131.73,132.68,"4,239,592"
9/28/2022,134.46,136.71,133.28,135.52,"5,573,306"
9/29/2022,135.35,135.37,132.96,134.64,"5,602,902"
9/30/2022,134.95,136.2,133.97,134.17,"6,201,015"
10/3/2022,136.26,139.88,136.12,138.9,"5,543,871"
10/4/2022,139.79,142.69,139.56,142.54,"5,648,612"
10/5/2022,140.3,141.89,138,141.23,"4,454,550"
10/6/2022,140.4,141.88,138.85,139.42,"4,533,506"
10/7/2022,138.92,139.3,137.04,137.59,"4,945,830"
10/10/2022,137.59,138.86,137.12,137.73,"3,785,825"
10/11/2022,137.97,138.59,136.85,137.15,"4,564,782"
10/12/2022,136.56,136.76,132.79,132.94,"6,461,257"
10/13/2022,130.81,134.1,129.55,133.08,"6,342,101"
10/14/2022,135.11,135.47,131.44,131.52,"5,650,189"
10/17/2022,133.23,135.65,133.23,133.84,"5,775,324"
10/18/2022,136.09,136.68,134.49,136.16,"4,273,037"
10/19/2022,136.03,136.82,135.37,135.74,"3,916,094"
10/20/2022,135.94,137.27,134.97,136.02,"4,800,521"
10/21/2022,135.03,136.68,134.88,136.46,"4,198,749"
10/24/2022,137.32,139.83,137.21,139.32,"4,176,468"
10/25/2022,140,141.9,139.74,140.63,"5,738,455"
10/26/2022,142,142.73,140.5,140.84,"6,664,525"
10/27/2022,140.2,142.87,140.11,140.63,"7,425,305"
10/28/2022,148,151.93,147.23,151,"13,902,760"
10/31/2022,150,152.07,147.24,151.56,"8,396,029"
11/1/2022,152.99,154.14,151.5,152.28,"5,502,392"
11/2/2022,152.58,154.38,149.98,150.02,"6,344,936"
11/3/2022,148.81,150.28,148.04,148.17,"4,937,488"
11/4/2022,148.5,149.71,146.15,148.83,"7,357,176"
11/7/2022,149.75,150.42,148.83,149.78,"5,150,132"
11/8/2022,150,150.96,148.42,149.9,"3,246,706"
11/9/2022,149.28,150.44,148.44,148.64,"4,848,999"
11/10/2022,151.89,152,148.14,150.45,"6,440,918"
11/11/2022,149.96,150.14,145.05,146.19,"7,576,663"
11/14/2022,146.25,147.32,144.66,145.46,"6,535,790"
11/15/2022,147.59,149.16,143.08,145,"6,421,440"
11/16/2022,145.31,147.27,144.64,144.88,"4,687,330"
11/17/2022,143.26,148.56,143.26,147.77,"6,115,190"
11/18/2022,148.81,150.31,148.46,148.83,"3,756,526"
11/21/2022,149.44,151.07,148.87,149.88,"5,312,739"
11/22/2022,150.09,151.77,149.5,151.6,"3,234,992"
11/23/2022,151.05,152.17,149.76,150.12,"3,026,753"
11/25/2022,151.17,151.79,150.22,151.05,"1,481,155"
11/28/2022,151.01,152.21,149.44,149.9,"4,909,042"
11/29/2022,149.06,149.61,147.82,148.62,"5,339,047"
11/30/2022,148.2,151.89,147.67,151.46,"7,464,594"
12/1/2022,152.26,153.36,150.96,151.81,"3,812,700"
12/2/2022,149.62,152.55,149.62,152.41,"3,046,578"
12/5/2022,151.8,152.4,149.9,150.62,"3,103,922"
12/6/2022,150.61,150.87,148.31,149.39,"3,161,730"
12/7/2022,150.01,150.73,148.33,148.79,"4,646,067"
12/8/2022,148.49,148.75,143.15,143.81,"7,332,370"
12/9/2022,143.33,144.2,141.2,141.57,"6,986,835"
12/12/2022,143.04,143.4,141.04,142.4,"4,054,028"
